"Cluster","Cluster Enrichment Score","Category","Term","Count","List Total","Pop Hits","Pop Total","%","P-Value","Benjamini","Fold Enrichment","Bonferroni","FDR","Fisher Exact","User Ids","Full Term"
"1","4.84","GOTERM_MF_DIRECT","growth factor activity","16","259","167","19319","5.90","7.35e-9","3.73e-6","7.15","3.73e-6","3.73e-6","9.40e-10","JAG2,TGFB2,GDF15,IL34,LIF,NRG1,NGF,GDF5,AGT,INHBE,VEGFA,CXCL12,IL12A,CCN3,FGF13,FGF10","GO:0008083~growth factor activity"
"1","4.84","GOTERM_MF_DIRECT","cytokine activity","14","259","202","19319","5.17","3.42e-6","8.70e-4","5.17","1.74e-3","8.70e-4","6.19e-7","TGFB2,TSLP,TNFSF15,GDF15,IL34,LIF,NRG1,TNFRSF11B,GDF5,INHBE,TNFSF13B,VEGFA,IL12A,WNT2","GO:0005125~cytokine activity"
"1","4.84","KEGG_PATHWAY","Cytokine-cytokine receptor interaction","14","150","298","9375","5.17","9.04e-4","4.05e-2","2.94","2.16e-1","3.51e-2","2.91e-4","TGFB2,TSLP,TNFSF15,GDF15,IL34,LIF,TNFRSF11B,NGF,GDF5,INHBE,TNFSF13B,CXCL12,ACKR4,IL12A","hsa04060:Cytokine-cytokine receptor interaction"
"1","4.84","WIKIPATHWAYS","Cytokine cytokine receptor interaction","13","160","258","9015","4.80","2.00e-3","1.60e-1","2.84","6.12e-1","1.55e-1","6.62e-4","TGFB2,TSLP,TNFSF15,GDF15,IL34,LIF,TNFRSF11B,NGF,GDF5,INHBE,TNFSF13B,CXCL12,ACKR4","WP5473:Cytokine cytokine receptor interaction"
"2","3.08","GOTERM_BP_DIRECT","axon guidance","14","256","200","19172","5.17","2.93e-6","5.07e-3","5.24","5.83e-3","5.02e-3","5.22e-7","EPHA5,PLEKHG4,TGFB2,SEMA3A,SEMA6D,ROBO1,KIAA1755,RPS6KA5,CXCL12,TUBB3,FLRT3,EPHB2,SCN1B,EPHB3","GO:0007411~axon guidance"
"2","3.08","KEGG_PATHWAY","Axon guidance","10","150","184","9375","3.69","2.63e-3","7.06e-2","3.40","5.07e-1","6.12e-2","7.24e-4","EPHA5,CXCL12,SEMA3A,SEMA6D,LRRC4,PIK3R3,EPHB2,PAK3,EPHB3,ROBO1","hsa04360:Axon guidance"
"2","3.08","REACTOME_PATHWAY","Nervous system development","18","179","570","11610","6.64","6.58e-3","2.96e-1","2.05","9.96e-1","2.90e-1","3.05e-3","EPHA5,SPTBN4,EGR2,SEMA3A,SEMA6D,PIK3R3,TUBA4A,DNM1,ROBO1,RPS6KA5,TUBA1A,CXCL12,TUBB3,FLRT3,EPHB2,PAK3,SCN1B,EPHB3","R-HSA-9675108~Nervous system development"
"2","3.08","REACTOME_PATHWAY","Axon guidance","17","179","545","11610","6.27","9.58e-3","3.31e-1","2.02","1.00e+0","3.25e-1","4.48e-3","EPHA5,SPTBN4,SEMA3A,SEMA6D,PIK3R3,TUBA4A,DNM1,ROBO1,RPS6KA5,TUBA1A,CXCL12,TUBB3,FLRT3,EPHB2,PAK3,SCN1B,EPHB3","R-HSA-422475~Axon guidance"
"3","2.64","KEGG_PATHWAY","Pathways in cancer","21","150","533","9375","7.75","2.83e-4","2.21e-2","2.46","7.32e-2","1.91e-2","1.10e-4","JAG2,TGFB2,CDKN2B,JUN,ADCY4,PIK3R3,ADCY1,PTGS2,ADCY8,AGT,VEGFA,RPS6KA5,CXCL12,GNG2,BDKRB2,BDKRB1,HMOX1,IL12A,WNT2,FGFR2,FGF10","hsa05200:Pathways in cancer"
"3","2.64","WIKIPATHWAYS","Cancer pathways","20","160","509","9015","7.38","1.53e-3","1.60e-1","2.21","5.16e-1","1.55e-1","6.58e-4","JAG2,TGFB2,CDKN2B,JUN,ADCY4,PIK3R3,ADCY1,PTGS2,ADCY8,AGT,VEGFA,RPS6KA5,CXCL12,GNG2,BDKRB2,BDKRB1,HMOX1,IL12A,WNT2,FGFR2","WP5434:Cancer pathways"
"3","2.64","KEGG_PATHWAY","Human cytomegalovirus infection","9","150","227","9375","3.32","2.82e-2","2.11e-1","2.48","1.00e+0","1.83e-1","1.06e-2","CXCL12,GNG2,ADCY4,PIK3R3,ADCY1,ADCY8,PTGS2,CREB5,VEGFA","hsa05163:Human cytomegalovirus infection"
"4","2.30","REACTOME_PATHWAY","Signaling by GPCR","24","179","718","11610","8.86","6.16e-4","1.72e-1","2.17","4.09e-1","1.68e-1","2.72e-4","GPR68,PLPPR4,PRKCE,ADCY4,PLA2G4A,PIK3R3,ADCY1,ADCY8,RXFP1,ADRA2A,AGT,CXCL12,CCKAR,GNG2,CAMK4,ADM2,PPP1R1B,ACKR4,ADORA1,S1PR1,BDKRB2,BDKRB1,ARHGEF2,WNT2","R-HSA-372790~Signaling by GPCR"
"4","2.30","REACTOME_PATHWAY","GPCR downstream signalling","20","179","641","11610","7.38","4.41e-3","2.43e-1","2.02","9.77e-1","2.38e-1","2.07e-3","GPR68,PRKCE,ADCY4,PLA2G4A,PIK3R3,ADCY1,ADCY8,RXFP1,ADRA2A,AGT,CXCL12,CCKAR,GNG2,CAMK4,ADM2,PPP1R1B,ADORA1,BDKRB2,BDKRB1,ARHGEF2","R-HSA-388396~GPCR downstream signalling"
"4","2.30","REACTOME_PATHWAY","GPCR ligand binding","15","179","476","11610","5.54","1.48e-2","4.21e-1","2.04","1.00e+0","4.13e-1","6.82e-3","GPR68,PLPPR4,RXFP1,ADRA2A,AGT,CXCL12,CCKAR,GNG2,ADM2,ACKR4,ADORA1,S1PR1,BDKRB2,BDKRB1,WNT2","R-HSA-500792~GPCR ligand binding"
"4","2.30","REACTOME_PATHWAY","Class A/1 (Rhodopsin-like receptors)","12","179","342","11610","4.43","1.63e-2","4.47e-1","2.28","1.00e+0","4.39e-1","6.72e-3","CXCL12,CCKAR,GPR68,PLPPR4,BDKRB2,ACKR4,ADORA1,S1PR1,BDKRB1,RXFP1,ADRA2A,AGT","R-HSA-373076~Class A/1 (Rhodopsin-like receptors)"
"5","2.14","GOTERM_BP_DIRECT","lacrimal gland development","3","256","7","19172","1.11","3.54e-3","2.42e-1","32.10","9.99e-1","2.40e-1","7.92e-5","SOX9,FGFR2,FGF10","GO:0032808~lacrimal gland development"
"5","2.14","GOTERM_BP_DIRECT","otic vesicle formation","3","256","7","19172","1.11","3.54e-3","2.42e-1","32.10","9.99e-1","2.40e-1","7.92e-5","SOX9,FGFR2,FGF10","GO:0030916~otic vesicle formation"
"5","2.14","GOTERM_BP_DIRECT","limb bud formation","3","256","10","19172","1.11","7.39e-3","3.07e-1","22.47","1.00e+0","3.04e-1","2.63e-4","SOX9,FGFR2,FGF10","GO:0060174~limb bud formation"
"5","2.14","GOTERM_BP_DIRECT","positive regulation of epithelial cell proliferation","5","256","67","19172","1.85","1.22e-2","4.04e-1","5.59","1.00e+0","4.00e-1","2.01e-3","ST8SIA1,SOX9,FGFR2,VEGFA,FGF10","GO:0050679~positive regulation of epithelial cell proliferation"
"5","2.14","WIKIPATHWAYS","Osteoblast differentiation and related diseases","7","160","119","9015","2.58","1.86e-2","3.38e-1","3.31","1.00e+0","3.29e-1","5.18e-3","JAG2,PRKCE,PIK3R3,SOX9,WNT2,FGFR2,FGF10","WP4787:Osteoblast differentiation and related diseases"
"6","1.96","KEGG_PATHWAY","Inflammatory mediator regulation of TRP channels","9","150","99","9375","3.32","1.70e-4","2.21e-2","5.68","4.48e-2","1.91e-2","2.75e-5","PRKCE,BDKRB2,ADCY4,PIK3R3,PLA2G4A,BDKRB1,ADCY1,ADCY8,NGF","hsa04750:Inflammatory mediator regulation of TRP channels"
"6","1.96","KEGG_PATHWAY","Relaxin signaling pathway","10","150","130","9375","3.69","2.18e-4","2.21e-2","4.81","5.70e-2","1.91e-2","4.21e-5","COL1A1,JUN,GNG2,ADCY4,PIK3R3,ADCY1,ADCY8,RXFP1,CREB5,VEGFA","hsa04926:Relaxin signaling pathway"
"6","1.96","KEGG_PATHWAY","Regulation of lipolysis in adipocytes","7","150","59","9375","2.58","3.28e-4","2.21e-2","7.42","8.45e-2","1.91e-2","3.97e-5","ADCY4,ADORA1,PIK3R3,PRKG2,ADCY1,ADCY8,PTGS2","hsa04923:Regulation of lipolysis in adipocytes"
"6","1.96","KEGG_PATHWAY","Gap junction","8","150","89","9375","2.95","5.16e-4","2.78e-2","5.62","1.30e-1","2.40e-2","8.42e-5","TUBA1A,TUBB3,TUBB,ADCY4,PRKG2,ADCY1,ADCY8,TUBA4A","hsa04540:Gap junction"
"6","1.96","REACTOME_PATHWAY","G alpha (z) signalling events","6","179","48","11610","2.21","8.04e-4","1.72e-1","8.11","4.97e-1","1.68e-1","8.86e-5","GNG2,PRKCE,ADCY4,ADCY1,ADCY8,ADRA2A","R-HSA-418597~G alpha (z) signalling events"
"6","1.96","KEGG_PATHWAY","cGMP-PKG signaling pathway","10","150","166","9375","3.69","1.29e-3","4.35e-2","3.77","2.94e-1","3.77e-2","3.21e-4","PRKCE,BDKRB2,ADCY4,ADORA1,PRKG2,PDE5A,ADCY1,ADCY8,ADRA2A,CREB5","hsa04022:cGMP-PKG signaling pathway"
"6","1.96","REACTOME_PATHWAY","Post NMDA receptor activation events","7","179","88","11610","2.58","2.29e-3","2.40e-1","5.16","8.59e-1","2.36e-1","4.09e-4","TUBA1A,TUBB3,CAMK4,NRG1,ADCY1,ADCY8,TUBA4A","R-HSA-438064~Post NMDA receptor activation events"
"6","1.96","KEGG_PATHWAY","Calcium signaling pathway","12","150","254","9375","4.43","2.38e-3","7.06e-2","2.95","4.73e-1","6.12e-2","7.58e-4","P2RX7,CCKAR,CAMK4,BDKRB2,ADCY4,BDKRB1,ADCY1,ADCY8,NGF,FGFR2,VEGFA,FGF10","hsa04020:Calcium signaling pathway"
"6","1.96","WIKIPATHWAYS","Major receptors targeted by epinephrine and norepinephrine","4","160","16","9015","1.48","2.55e-3","1.61e-1","14.09","7.01e-1","1.56e-1","1.47e-4","ADCY4,ADCY1,ADCY8,ADRA2A","WP4589:Major receptors targeted by epinephrine and norepinephrine"
"6","1.96","REACTOME_PATHWAY","Opioid Signalling","7","179","92","11610","2.58","2.86e-3","2.40e-1","4.94","9.14e-1","2.36e-1","5.36e-4","GNG2,CAMK4,PPP1R1B,ADCY4,PLA2G4A,ADCY1,ADCY8","R-HSA-111885~Opioid Signalling"
"6","1.96","REACTOME_PATHWAY","Ca-dependent events","5","179","39","11610","1.85","2.89e-3","2.40e-1","8.32","9.16e-1","2.36e-1","3.10e-4","CAMK4,ADCY4,PLA2G4A,ADCY1,ADCY8","R-HSA-111996~Ca-dependent events"
"6","1.96","REACTOME_PATHWAY","G alpha (i) signalling events","13","179","323","11610","4.80","4.11e-3","2.43e-1","2.61","9.70e-1","2.38e-1","1.49e-3","ADCY4,PLA2G4A,ADCY1,ADCY8,ADRA2A,AGT,CXCL12,GNG2,CAMK4,PPP1R1B,ADORA1,BDKRB2,BDKRB1","R-HSA-418594~G alpha (i) signalling events"
"6","1.96","REACTOME_PATHWAY","Vasopressin regulates renal water homeostasis via Aquaporins","5","179","43","11610","1.85","4.14e-3","2.43e-1","7.54","9.71e-1","2.38e-1","4.93e-4","GNG2,ADCY4,ADCY1,ADCY8,AQP3","R-HSA-432040~Vasopressin regulates renal water homeostasis via Aquaporins"
"6","1.96","REACTOME_PATHWAY","DAG and IP3 signaling","5","179","43","11610","1.85","4.14e-3","2.43e-1","7.54","9.71e-1","2.38e-1","4.93e-4","PRKCE,CAMK4,ADCY4,ADCY1,ADCY8","R-HSA-1489509~DAG and IP3 signaling"
"6","1.96","KEGG_PATHWAY","Circadian entrainment","7","150","97","9375","2.58","4.40e-3","1.04e-1","4.51","6.94e-1","8.97e-2","9.01e-4","RPS6KA5,GNG2,PER3,ADCY4,PRKG2,ADCY1,ADCY8","hsa04713:Circadian entrainment"
"6","1.96","REACTOME_PATHWAY","Activation of NMDA receptors and postsynaptic events","7","179","101","11610","2.58","4.55e-3","2.43e-1","4.50","9.80e-1","2.38e-1","9.37e-4","TUBA1A,TUBB3,CAMK4,NRG1,ADCY1,ADCY8,TUBA4A","R-HSA-442755~Activation of NMDA receptors and postsynaptic events"
"6","1.96","KEGG_PATHWAY","Aldosterone synthesis and secretion","7","150","98","9375","2.58","4.62e-3","1.04e-1","4.46","7.12e-1","8.97e-2","9.57e-4","PRKCE,CAMK4,ADCY4,ADCY1,ADCY8,AGT,CREB5","hsa04925:Aldosterone synthesis and secretion"
"6","1.96","REACTOME_PATHWAY","Neurotransmitter receptors and postsynaptic signal transmission","10","179","214","11610","3.69","5.72e-3","2.78e-1","3.03","9.93e-1","2.73e-1","1.77e-3","TUBA1A,GNG2,TUBB3,CAMK4,ADCY4,GRIK4,NRG1,ADCY1,ADCY8,TUBA4A","R-HSA-112314~Neurotransmitter receptors and postsynaptic signal transmission"
"6","1.96","KEGG_PATHWAY","Dilated cardiomyopathy","7","150","105","9375","2.58","6.46e-3","1.24e-1","4.17","8.25e-1","1.07e-1","1.44e-3","TGFB2,SGCD,ITGA11,ADCY4,ADCY1,ADCY8,AGT","hsa05414:Dilated cardiomyopathy"
"6","1.96","GOTERM_BP_DIRECT","adenylate cyclase-activating G protein-coupled receptor signaling pathway","8","256","165","19172","2.95","6.66e-3","2.95e-1","3.63","1.00e+0","2.93e-1","1.72e-3","GPR68,ADM2,ADCY4,S1PR1,ADCY1,ADCY8,RXFP1,ADRA2A","GO:0007189~adenylate cyclase-activating G protein-coupled receptor signaling pathway"
"6","1.96","REACTOME_PATHWAY","PLC beta mediated events","5","179","51","11610","1.85","7.62e-3","3.13e-1","6.36","9.99e-1","3.08e-1","1.09e-3","CAMK4,ADCY4,PLA2G4A,ADCY1,ADCY8","R-HSA-112043~PLC beta mediated events"
"6","1.96","REACTOME_PATHWAY","Aquaporin-mediated transport","5","179","53","11610","1.85","8.72e-3","3.24e-1","6.12","9.99e-1","3.18e-1","1.30e-3","GNG2,ADCY4,ADCY1,ADCY8,AQP3","R-HSA-445717~Aquaporin-mediated transport"
"6","1.96","GOTERM_MF_DIRECT","adenylate cyclase activity","3","259","11","19319","1.11","9.02e-3","3.82e-1","20.34","9.90e-1","3.82e-1","3.63e-4","ADCY4,ADCY1,ADCY8","GO:0004016~adenylate cyclase activity"
"6","1.96","KEGG_PATHWAY","Ovarian steroidogenesis","5","150","52","9375","1.85","9.19e-3","1.41e-1","6.01","9.16e-1","1.22e-1","1.39e-3","ADCY4,PLA2G4A,ADCY1,ADCY8,PTGS2","hsa04913:Ovarian steroidogenesis"
"6","1.96","KEGG_PATHWAY","Human T-cell leukemia virus 1 infection","10","150","224","9375","3.69","9.38e-3","1.41e-1","2.79","9.21e-1","1.22e-1","3.15e-3","TGFB2,CDKN2B,EGR2,JUN,ADCY4,PIK3R3,CD3G,ADCY1,ADCY8,CREB5","hsa05166:Human T-cell leukemia virus 1 infection"
"6","1.96","GOTERM_BP_DIRECT","renal water homeostasis","4","256","33","19172","1.48","9.45e-3","3.70e-1","9.08","1.00e+0","3.66e-1","9.37e-4","ADCY4,ADCY1,ADCY8,AQP3","GO:0003091~renal water homeostasis"
"6","1.96","REACTOME_PATHWAY","Adenylate cyclase activating pathway","3","179","10","11610","1.11","9.70e-3","3.31e-1","19.46","1.00e+0","3.25e-1","3.99e-4","ADCY4,ADCY1,ADCY8","R-HSA-170660~Adenylate cyclase activating pathway"
"6","1.96","KEGG_PATHWAY","cAMP signaling pathway","10","150","226","9375","3.69","9.91e-3","1.41e-1","2.77","9.31e-1","1.22e-1","3.35e-3","JUN,CAMK4,PPP1R1B,ADCY4,ADORA1,PIK3R3,SOX9,ADCY1,ADCY8,CREB5","hsa04024:cAMP signaling pathway"
"6","1.96","KEGG_PATHWAY","Cholinergic synapse","7","150","115","9375","2.58","9.93e-3","1.41e-1","3.80","9.32e-1","1.22e-1","2.42e-3","GNG2,CAMK4,ADCY4,PIK3R3,ADCY1,ADCY8,CREB5","hsa04725:Cholinergic synapse"
"6","1.96","REACTOME_PATHWAY","G-protein mediated events","5","179","56","11610","1.85","1.06e-2","3.34e-1","5.79","1.00e+0","3.28e-1","1.67e-3","CAMK4,ADCY4,PLA2G4A,ADCY1,ADCY8","R-HSA-112040~G-protein mediated events"
"6","1.96","GOTERM_BP_DIRECT","cAMP biosynthetic process","3","256","13","19172","1.11","1.25e-2","4.04e-1","17.28","1.00e+0","4.00e-1","6.09e-4","ADCY4,ADCY1,ADCY8","GO:0006171~cAMP biosynthetic process"
"6","1.96","REACTOME_PATHWAY","Neuronal System","14","179","422","11610","5.17","1.31e-2","3.99e-1","2.15","1.00e+0","3.92e-1","5.73e-3","KCND2,ADCY4,GRIK4,NRG1,ADCY1,ADCY8,TUBA4A,TUBA1A,GNG2,KCNS1,TUBB3,CAMK4,LRRTM2,SLITRK6","R-HSA-112316~Neuronal System"
"6","1.96","REACTOME_PATHWAY","Glucagon signaling in metabolic regulation","4","179","33","11610","1.48","1.38e-2","4.06e-1","7.86","1.00e+0","3.99e-1","1.58e-3","GNG2,ADCY4,ADCY1,ADCY8","R-HSA-163359~Glucagon signaling in metabolic regulation"
"6","1.96","KEGG_PATHWAY","Longevity regulating pathway","6","150","90","9375","2.21","1.41e-2","1.81e-1","4.17","9.78e-1","1.57e-1","3.13e-3","CAMK4,ADCY4,PIK3R3,ADCY1,ADCY8,CREB5","hsa04211:Longevity regulating pathway"
"6","1.96","KEGG_PATHWAY","Platelet activation","7","150","126","9375","2.58","1.51e-2","1.85e-1","3.47","9.83e-1","1.60e-1","4.03e-3","COL1A1,ADCY4,PIK3R3,PLA2G4A,PRKG2,ADCY1,ADCY8","hsa04611:Platelet activation"
"6","1.96","KEGG_PATHWAY","Longevity regulating pathway - multiple species","5","150","62","9375","1.85","1.68e-2","1.91e-1","5.04","9.89e-1","1.65e-1","3.05e-3","HSPA6,ADCY4,PIK3R3,ADCY1,ADCY8","hsa04213:Longevity regulating pathway - multiple species"
"6","1.96","WIKIPATHWAYS","Phosphodiesterases in neuronal function","5","160","56","9015","1.85","1.68e-2","3.38e-1","5.03","1.00e+0","3.29e-1","3.05e-3","PPP1R1B,ADCY4,PDE5A,ADCY1,ADCY8","WP4222:Phosphodiesterases in neuronal function"
"6","1.96","REACTOME_PATHWAY","Signaling by Hedgehog","7","179","136","11610","2.58","1.82e-2","4.47e-1","3.34","1.00e+0","4.39e-1","5.08e-3","TUBA1A,TUBB3,ADCY4,ADCY1,ADCY8,TUBA4A,CDON","R-HSA-5358351~Signaling by Hedgehog"
"6","1.96","REACTOME_PATHWAY","Hedgehog 'off' state","6","179","100","11610","2.21","1.87e-2","4.47e-1","3.89","1.00e+0","4.39e-1","4.45e-3","TUBA1A,TUBB3,ADCY4,ADCY1,ADCY8,TUBA4A","R-HSA-5610787~Hedgehog 'off' state"
"6","1.96","REACTOME_PATHWAY","Calmodulin induced events","4","179","37","11610","1.48","1.88e-2","4.47e-1","7.01","1.00e+0","4.39e-1","2.43e-3","CAMK4,ADCY4,ADCY1,ADCY8","R-HSA-111933~Calmodulin induced events"
"6","1.96","REACTOME_PATHWAY","CaM pathway","4","179","37","11610","1.48","1.88e-2","4.47e-1","7.01","1.00e+0","4.39e-1","2.43e-3","CAMK4,ADCY4,ADCY1,ADCY8","R-HSA-111997~CaM pathway"
"6","1.96","REACTOME_PATHWAY","Adenylate cyclase inhibitory pathway","3","179","14","11610","1.11","1.88e-2","4.47e-1","13.90","1.00e+0","4.39e-1","1.16e-3","ADCY4,ADCY1,ADCY8","R-HSA-170670~Adenylate cyclase inhibitory pathway"
"6","1.96","KEGG_PATHWAY","Cortisol synthesis and secretion","5","150","65","9375","1.85","1.96e-2","1.91e-1","4.81","9.95e-1","1.65e-1","3.75e-3","ADCY4,ADCY1,ADCY8,AGT,CREB5","hsa04927:Cortisol synthesis and secretion"
"6","1.96","KEGG_PATHWAY","Rap1 signaling pathway","9","150","212","9375","3.32","1.97e-2","1.91e-1","2.65","9.95e-1","1.65e-1","6.93e-3","ADCY4,PIK3R3,ADCY1,SIPA1L2,ADCY8,NGF,FGFR2,VEGFA,FGF10","hsa04015:Rap1 signaling pathway"
"6","1.96","KEGG_PATHWAY","Vascular smooth muscle contraction","7","150","134","9375","2.58","1.99e-2","1.91e-1","3.26","9.95e-1","1.65e-1","5.64e-3","ADM2,PRKCE,ADCY4,PLA2G4A,ADCY1,ADCY8,AGT","hsa04270:Vascular smooth muscle contraction"
"6","1.96","WIKIPATHWAYS","Myometrial relaxation and contraction pathways","8","160","156","9015","2.95","2.04e-2","3.58e-1","2.89","1.00e+0","3.48e-1","6.53e-3","JUN,GNG2,PKIA,PRKCE,ADCY4,ADCY1,ADCY8,RXFP1","WP289:Myometrial relaxation and contraction pathways"
"6","1.96","KEGG_PATHWAY","Endocrine resistance","6","150","99","9375","2.21","2.06e-2","1.91e-1","3.79","9.96e-1","1.65e-1","5.02e-3","JAG2,JUN,ADCY4,PIK3R3,ADCY1,ADCY8","hsa01522:Endocrine resistance"
"6","1.96","REACTOME_PATHWAY","Intracellular signaling by second messengers","11","179","309","11610","4.06","2.07e-2","4.78e-1","2.31","1.00e+0","4.69e-1","8.40e-3","JUN,TNKS,PRKCE,CAMK4,ADCY4,PIK3R3,NRG1,ADCY1,ADCY8,FGFR2,FGF10","R-HSA-9006925~Intracellular signaling by second messengers"
"6","1.96","KEGG_PATHWAY","Estrogen signaling pathway","7","150","139","9375","2.58","2.33e-2","1.98e-1","3.15","9.98e-1","1.72e-1","6.87e-3","JUN,HSPA6,ADCY4,PIK3R3,ADCY1,ADCY8,CREB5","hsa04915:Estrogen signaling pathway"
"6","1.96","KEGG_PATHWAY","Hormone signaling","9","150","219","9375","3.32","2.34e-2","1.98e-1","2.57","9.98e-1","1.72e-1","8.50e-3","CCKAR,GNG2,ADCY4,PIK3R3,PRKG2,ADCY1,ADCY8,ADRA2A,AGT","hsa04081:Hormone signaling"
"6","1.96","GOTERM_BP_DIRECT","cyclic nucleotide biosynthetic process","3","256","18","19172","1.11","2.34e-2","5.25e-1","12.48","1.00e+0","5.21e-1","1.66e-3","ADCY4,ADCY1,ADCY8","GO:0009190~cyclic nucleotide biosynthetic process"
"6","1.96","REACTOME_PATHWAY","Integration of energy metabolism","6","179","108","11610","2.21","2.52e-2","5.37e-1","3.60","1.00e+0","5.27e-1","6.46e-3","MARCKS,GNG2,ADCY4,ADCY1,ADCY8,ADRA2A","R-HSA-163685~Integration of energy metabolism"
"6","1.96","GOTERM_MF_DIRECT","phosphorus-oxygen lyase activity","3","259","19","19319","1.11","2.62e-2","5.62e-1","11.78","1.00e+0","5.62e-1","1.97e-3","ADCY4,ADCY1,ADCY8","GO:0016849~phosphorus-oxygen lyase activity"
"6","1.96","REACTOME_PATHWAY","PKA activation in glucagon signalling","3","179","17","11610","1.11","2.73e-2","5.42e-1","11.45","1.00e+0","5.32e-1","2.09e-3","ADCY4,ADCY1,ADCY8","R-HSA-164378~PKA activation in glucagon signalling"
"6","1.96","REACTOME_PATHWAY","ADORA2B mediated anti-inflammatory cytokines production","4","179","43","11610","1.48","2.79e-2","5.42e-1","6.03","1.00e+0","5.32e-1","4.22e-3","GNG2,ADCY4,ADCY1,ADCY8","R-HSA-9660821~ADORA2B mediated anti-inflammatory cytokines production"
"6","1.96","REACTOME_PATHWAY","GABA B receptor activation","4","179","43","11610","1.48","2.79e-2","5.42e-1","6.03","1.00e+0","5.32e-1","4.22e-3","GNG2,ADCY4,ADCY1,ADCY8","R-HSA-977444~GABA B receptor activation"
"6","1.96","REACTOME_PATHWAY","Activation of GABAB receptors","4","179","43","11610","1.48","2.79e-2","5.42e-1","6.03","1.00e+0","5.32e-1","4.22e-3","GNG2,ADCY4,ADCY1,ADCY8","R-HSA-991365~Activation of GABAB receptors"
"6","1.96","KEGG_PATHWAY","Human cytomegalovirus infection","9","150","227","9375","3.32","2.82e-2","2.11e-1","2.48","1.00e+0","1.83e-1","1.06e-2","CXCL12,GNG2,ADCY4,PIK3R3,ADCY1,ADCY8,PTGS2,CREB5,VEGFA","hsa05163:Human cytomegalovirus infection"
"6","1.96","REACTOME_PATHWAY","Transmission across Chemical Synapses","10","179","280","11610","3.69","2.86e-2","5.43e-1","2.32","1.00e+0","5.32e-1","1.16e-2","TUBA1A,GNG2,TUBB3,CAMK4,ADCY4,GRIK4,NRG1,ADCY1,ADCY8,TUBA4A","R-HSA-112315~Transmission across Chemical Synapses"
"6","1.96","KEGG_PATHWAY","Phospholipase D signaling pathway","7","150","149","9375","2.58","3.14e-2","2.28e-1","2.94","1.00e+0","1.98e-1","9.89e-3","ADCY4,PIK3R3,PLA2G4A,ADCY1,ADCY8,AGT,DNM1","hsa04072:Phospholipase D signaling pathway"
"6","1.96","REACTOME_PATHWAY","GPER1 signaling","4","179","45","11610","1.48","3.14e-2","5.67e-1","5.77","1.00e+0","5.56e-1","4.97e-3","GNG2,ADCY4,ADCY1,ADCY8","R-HSA-9634597~GPER1 signaling"
"6","1.96","GOTERM_BP_DIRECT","vascular endothelial cell response to laminar fluid shear stress","3","256","22","19172","1.11","3.42e-2","5.93e-1","10.21","1.00e+0","5.88e-1","3.00e-3","ADCY4,ADCY1,ADCY8","GO:0097700~vascular endothelial cell response to laminar fluid shear stress"
"6","1.96","KEGG_PATHWAY","Adrenergic signaling in cardiomyocytes","7","150","154","9375","2.58","3.62e-2","2.34e-1","2.84","1.00e+0","2.02e-1","1.18e-2","RPS6KA5,ADCY4,ADCY1,ADCY8,SCN1B,AGT,CREB5","hsa04261:Adrenergic signaling in cardiomyocytes"
"6","1.96","KEGG_PATHWAY","Oxytocin signaling pathway","7","150","154","9375","2.58","3.62e-2","2.34e-1","2.84","1.00e+0","2.02e-1","1.18e-2","JUN,CAMK4,ADCY4,PLA2G4A,ADCY1,ADCY8,PTGS2","hsa04921:Oxytocin signaling pathway"
"6","1.96","KEGG_PATHWAY","Cushing syndrome","7","150","155","9375","2.58","3.70e-2","2.34e-1","2.82","1.00e+0","2.02e-1","1.21e-2","CDKN2B,ADCY4,ADCY1,ADCY8,WNT2,AGT,CREB5","hsa04934:Cushing syndrome"
"6","1.96","REACTOME_PATHWAY","PKA activation","3","179","20","11610","1.11","3.71e-2","6.33e-1","9.73","1.00e+0","6.21e-1","3.39e-3","ADCY4,ADCY1,ADCY8","R-HSA-163615~PKA activation"
"6","1.96","KEGG_PATHWAY","Glutamatergic synapse","6","150","116","9375","2.21","3.73e-2","2.34e-1","3.23","1.00e+0","2.02e-1","1.07e-2","GNG2,ADCY4,GRIK4,PLA2G4A,ADCY1,ADCY8","hsa04724:Glutamatergic synapse"
"6","1.96","KEGG_PATHWAY","Neuroactive ligand signaling","8","150","199","9375","2.95","3.93e-2","2.40e-1","2.51","1.00e+0","2.08e-1","1.45e-2","GNG2,SLC6A9,ADCY4,ADORA1,GRIK4,ADCY1,ADCY8,ADRA2A","hsa04082:Neuroactive ligand signaling"
"6","1.96","GOTERM_BP_DIRECT","cellular response to glucagon stimulus","3","256","25","19172","1.11","4.32e-2","7.06e-1","8.99","1.00e+0","7.00e-1","4.36e-3","ADCY4,ADCY1,ADCY8","GO:0071377~cellular response to glucagon stimulus"
"6","1.96","REACTOME_PATHWAY","PKA-mediated phosphorylation of CREB","3","179","22","11610","1.11","4.42e-2","7.25e-1","8.84","1.00e+0","7.12e-1","4.47e-3","ADCY4,ADCY1,ADCY8","R-HSA-111931~PKA-mediated phosphorylation of CREB"
"6","1.96","KEGG_PATHWAY","Growth hormone synthesis, secretion and action","6","150","122","9375","2.21","4.48e-2","2.51e-1","3.07","1.00e+0","2.18e-1","1.34e-2","SOCS1,ADCY4,PIK3R3,ADCY1,ADCY8,CREB5","hsa04935:Growth hormone synthesis, secretion and action"
"6","1.96","WIKIPATHWAYS","Envelope proteins and their potential roles in EDMD physiopathology","4","160","46","9015","1.48","4.71e-2","6.28e-1","4.90","1.00e+0","6.11e-1","8.74e-3","TGFB2,ADCY4,ADCY1,ADCY8","WP4535:Envelope proteins and their potential roles in EDMD physiopathology"
"6","1.96","KEGG_PATHWAY","Insulin secretion","5","150","86","9375","1.85","4.78e-2","2.63e-1","3.63","1.00e+0","2.27e-1","1.21e-2","CCKAR,ADCY4,ADCY1,ADCY8,CREB5","hsa04911:Insulin secretion"
"7","1.91","GOTERM_BP_DIRECT","cell surface receptor protein tyrosine kinase signaling pathway","9","256","124","19172","3.32","2.56e-4","4.62e-2","5.44","4.00e-1","4.58e-2","4.38e-5","EPHA5,BLNK,BDKRB2,NRG1,EPHB2,NGF,PAK3,MERTK,EPHB3","GO:0007169~cell surface receptor protein tyrosine kinase signaling pathway"
"7","1.91","GOTERM_MF_DIRECT","transmembrane receptor protein tyrosine kinase activity","5","259","54","19319","1.85","5.82e-3","3.72e-1","6.91","9.49e-1","3.72e-1","7.71e-4","EPHA5,EPHB2,MERTK,FGFR2,EPHB3","GO:0004714~transmembrane receptor protein tyrosine kinase activity"
"7","1.91","GOTERM_MF_DIRECT","ephrin receptor activity","3","259","14","19319","1.11","1.45e-2","4.53e-1","15.98","9.99e-1","4.53e-1","7.77e-4","EPHA5,EPHB2,EPHB3","GO:0005003~ephrin receptor activity"
"7","1.91","GOTERM_MF_DIRECT","transmembrane-ephrin receptor activity","3","259","15","19319","1.11","1.66e-2","4.69e-1","14.92","1.00e+0","4.69e-1","9.62e-4","EPHA5,EPHB2,EPHB3","GO:0005005~transmembrane-ephrin receptor activity"
"7","1.91","GOTERM_BP_DIRECT","axonal fasciculation","3","256","20","19172","1.11","2.86e-2","5.87e-1","11.23","1.00e+0","5.81e-1","2.27e-3","EPHA5,EPHB2,EPHB3","GO:0007413~axonal fasciculation"
"7","1.91","GOTERM_BP_DIRECT","ephrin receptor signaling pathway","4","256","51","19172","1.48","3.03e-2","5.89e-1","5.87","1.00e+0","5.83e-1","4.74e-3","EPHA5,EPHB2,PAK3,EPHB3","GO:0048013~ephrin receptor signaling pathway"
"7","1.91","GOTERM_MF_DIRECT","protein tyrosine kinase activity","6","259","138","19319","2.21","3.79e-2","7.41e-1","3.24","1.00e+0","7.41e-1","1.08e-2","EPHA5,RPS6KA5,EPHB2,MERTK,FGFR2,EPHB3","GO:0004713~protein tyrosine kinase activity"
"7","1.91","REACTOME_PATHWAY","EPH-ephrin mediated repulsion of cells","4","179","51","11610","1.48","4.32e-2","7.23e-1","5.09","1.00e+0","7.09e-1","7.77e-3","EPHA5,EPHB2,DNM1,EPHB3","R-HSA-3928665~EPH-ephrin mediated repulsion of cells"
"8","1.89","KEGG_PATHWAY","Gap junction","8","150","89","9375","2.95","5.16e-4","2.78e-2","5.62","1.30e-1","2.40e-2","8.42e-5","TUBA1A,TUBB3,TUBB,ADCY4,PRKG2,ADCY1,ADCY8,TUBA4A","hsa04540:Gap junction"
"8","1.89","REACTOME_PATHWAY","Post NMDA receptor activation events","7","179","88","11610","2.58","2.29e-3","2.40e-1","5.16","8.59e-1","2.36e-1","4.09e-4","TUBA1A,TUBB3,CAMK4,NRG1,ADCY1,ADCY8,TUBA4A","R-HSA-438064~Post NMDA receptor activation events"
"8","1.89","REACTOME_PATHWAY","L1CAM interactions","8","179","125","11610","2.95","3.09e-3","2.40e-1","4.15","9.29e-1","2.36e-1","6.93e-4","SPTBN4,RPS6KA5,TUBA1A,TUBB3,EPHB2,SCN1B,TUBA4A,DNM1","R-HSA-373760~L1CAM interactions"
"8","1.89","REACTOME_PATHWAY","Activation of NMDA receptors and postsynaptic events","7","179","101","11610","2.58","4.55e-3","2.43e-1","4.50","9.80e-1","2.38e-1","9.37e-4","TUBA1A,TUBB3,CAMK4,NRG1,ADCY1,ADCY8,TUBA4A","R-HSA-442755~Activation of NMDA receptors and postsynaptic events"
"8","1.89","REACTOME_PATHWAY","Neurotransmitter receptors and postsynaptic signal transmission","10","179","214","11610","3.69","5.72e-3","2.78e-1","3.03","9.93e-1","2.73e-1","1.77e-3","TUBA1A,GNG2,TUBB3,CAMK4,ADCY4,GRIK4,NRG1,ADCY1,ADCY8,TUBA4A","R-HSA-112314~Neurotransmitter receptors and postsynaptic signal transmission"
"8","1.89","REACTOME_PATHWAY","Recycling pathway of L1","5","179","52","11610","1.85","8.16e-3","3.17e-1","6.24","9.99e-1","3.11e-1","1.19e-3","RPS6KA5,TUBA1A,TUBB3,TUBA4A,DNM1","R-HSA-437239~Recycling pathway of L1"
"8","1.89","WIKIPATHWAYS","Parkin ubiquitin proteasomal system pathway","6","160","71","9015","2.21","8.19e-3","2.43e-1","4.76","9.80e-1","2.36e-1","1.57e-3","TUBA1A,TUBB3,TUBB,HSPA6,SNCAIP,TUBA4A","WP2359:Parkin ubiquitin proteasomal system pathway"
"8","1.89","REACTOME_PATHWAY","COPI-independent Golgi-to-ER retrograde traffic","5","179","56","11610","1.85","1.06e-2","3.34e-1","5.79","1.00e+0","3.28e-1","1.67e-3","TUBA1A,TUBB3,PLA2G4A,PAFAH1B3,TUBA4A","R-HSA-6811436~COPI-independent Golgi-to-ER retrograde traffic"
"8","1.89","REACTOME_PATHWAY","Neuronal System","14","179","422","11610","5.17","1.31e-2","3.99e-1","2.15","1.00e+0","3.92e-1","5.73e-3","KCND2,ADCY4,GRIK4,NRG1,ADCY1,ADCY8,TUBA4A,TUBA1A,GNG2,KCNS1,TUBB3,CAMK4,LRRTM2,SLITRK6","R-HSA-112316~Neuronal System"
"8","1.89","WIKIPATHWAYS","Pathogenic Escherichia coli infection","5","160","55","9015","1.85","1.58e-2","3.38e-1","5.12","9.99e-1","3.29e-1","2.81e-3","TUBA1A,TUBB3,TUBB,ARHGEF2,TUBA4A","WP2272:Pathogenic Escherichia coli infection"
"8","1.89","REACTOME_PATHWAY","Signaling by Hedgehog","7","179","136","11610","2.58","1.82e-2","4.47e-1","3.34","1.00e+0","4.39e-1","5.08e-3","TUBA1A,TUBB3,ADCY4,ADCY1,ADCY8,TUBA4A,CDON","R-HSA-5358351~Signaling by Hedgehog"
"8","1.89","REACTOME_PATHWAY","Hedgehog 'off' state","6","179","100","11610","2.21","1.87e-2","4.47e-1","3.89","1.00e+0","4.39e-1","4.45e-3","TUBA1A,TUBB3,ADCY4,ADCY1,ADCY8,TUBA4A","R-HSA-5610787~Hedgehog 'off' state"
"8","1.89","REACTOME_PATHWAY","Calmodulin induced events","4","179","37","11610","1.48","1.88e-2","4.47e-1","7.01","1.00e+0","4.39e-1","2.43e-3","CAMK4,ADCY4,ADCY1,ADCY8","R-HSA-111933~Calmodulin induced events"
"8","1.89","REACTOME_PATHWAY","CaM pathway","4","179","37","11610","1.48","1.88e-2","4.47e-1","7.01","1.00e+0","4.39e-1","2.43e-3","CAMK4,ADCY4,ADCY1,ADCY8","R-HSA-111997~CaM pathway"
"8","1.89","GOTERM_MF_DIRECT","structural constituent of cytoskeleton","6","259","124","19319","2.21","2.55e-2","5.62e-1","3.61","1.00e+0","5.62e-1","6.57e-3","SPTBN4,TUBA1A,TUBB3,TUBB,TUBA4A,LMNB1","GO:0005200~structural constituent of cytoskeleton"
"8","1.89","REACTOME_PATHWAY","Transmission across Chemical Synapses","10","179","280","11610","3.69","2.86e-2","5.43e-1","2.32","1.00e+0","5.32e-1","1.16e-2","TUBA1A,GNG2,TUBB3,CAMK4,ADCY4,GRIK4,NRG1,ADCY1,ADCY8,TUBA4A","R-HSA-112315~Transmission across Chemical Synapses"
"8","1.89","GOTERM_BP_DIRECT","microtubule-based process","4","256","52","19172","1.48","3.19e-2","5.89e-1","5.76","1.00e+0","5.83e-1","5.09e-3","TUBA1A,TUBB3,TUBB,TUBA4A","GO:0007017~microtubule-based process"
"8","1.89","KEGG_PATHWAY","Pathogenic Escherichia coli infection","8","150","200","9375","2.95","4.02e-2","2.40e-1","2.50","1.00e+0","2.08e-1","1.49e-2","CLDN11,JUN,TUBA1A,TUBB3,TUBB,ARHGEF2,PAK3,TUBA4A","hsa05130:Pathogenic Escherichia coli infection"
"8","1.89","REACTOME_PATHWAY","Gap junction trafficking","4","179","52","11610","1.48","4.53e-2","7.30e-1","4.99","1.00e+0","7.16e-1","8.32e-3","TUBA1A,TUBB3,TUBA4A,DNM1","R-HSA-190828~Gap junction trafficking"
"8","1.89","REACTOME_PATHWAY","Microtubule-dependent trafficking of connexons from Golgi to the plasma membrane","3","179","23","11610","1.11","4.79e-2","7.44e-1","8.46","1.00e+0","7.30e-1","5.09e-3","TUBA1A,TUBB3,TUBA4A","R-HSA-190840~Microtubule-dependent trafficking of connexons from Golgi to the plasma membrane"
"8","1.89","REACTOME_PATHWAY","Gap junction trafficking and regulation","4","179","54","11610","1.48","4.97e-2","7.59e-1","4.80","1.00e+0","7.44e-1","9.49e-3","TUBA1A,TUBB3,TUBA4A,DNM1","R-HSA-157858~Gap junction trafficking and regulation"
"9","1.82","WIKIPATHWAYS","Neural crest cell migration during development","5","160","40","9015","1.85","5.20e-3","2.05e-1","7.04","9.15e-1","2.00e-1","6.59e-4","JUN,PIK3R3,EPHB2,PAK3,EPHB3","WP4564:Neural crest cell migration during development"
"9","1.82","WIKIPATHWAYS","Neural crest cell migration in cancer","5","160","43","9015","1.85","6.74e-3","2.28e-1","6.55","9.59e-1","2.22e-1","9.24e-4","JUN,PIK3R3,EPHB2,PAK3,EPHB3","WP4565:Neural crest cell migration in cancer"
"9","1.82","GOTERM_BP_DIRECT","dendritic spine morphogenesis","3","256","18","19172","1.11","2.34e-2","5.25e-1","12.48","1.00e+0","5.21e-1","1.66e-3","EPHB2,PAK3,EPHB3","GO:0060997~dendritic spine morphogenesis"
"9","1.82","GOTERM_BP_DIRECT","ephrin receptor signaling pathway","4","256","51","19172","1.48","3.03e-2","5.89e-1","5.87","1.00e+0","5.83e-1","4.74e-3","EPHA5,EPHB2,PAK3,EPHB3","GO:0048013~ephrin receptor signaling pathway"
"9","1.82","REACTOME_PATHWAY","Ephrin signaling","3","179","19","11610","1.11","3.37e-2","5.87e-1","10.24","1.00e+0","5.76e-1","2.91e-3","EPHB2,PAK3,EPHB3","R-HSA-3928664~Ephrin signaling"
"10","1.56","KEGG_PATHWAY","Rheumatoid arthritis","6","150","95","9375","2.21","1.75e-2","1.91e-1","3.95","9.91e-1","1.65e-1","4.10e-3","TGFB2,JUN,CXCL12,ACP5,TNFSF13B,VEGFA","hsa05323:Rheumatoid arthritis"
"10","1.56","KEGG_PATHWAY","Renal cell carcinoma","5","150","70","9375","1.85","2.50e-2","1.98e-1","4.46","9.99e-1","1.72e-1","5.15e-3","TGFB2,JUN,PIK3R3,PAK3,VEGFA","hsa05211:Renal cell carcinoma"
"10","1.56","GOTERM_BP_DIRECT","outflow tract morphogenesis","4","256","61","19172","1.48","4.76e-2","7.36e-1","4.91","1.00e+0","7.30e-1","8.94e-3","TGFB2,JUN,SFRP2,VEGFA","GO:0003151~outflow tract morphogenesis"

